ion,0.830338
tio,0.650638
ent,0.625852
ing,0.48643
ati,0.443054
ate,0.402776
ter,0.37799
con,0.343909
nce,0.294336
res,0.266452
ive,0.257157
ess,0.257157
all,0.247862
tra,0.244764
men,0.241666
pro,0.241666
ver,0.235469
ist,0.232371
ect,0.229273
com,0.219978
est,0.219978
rat,0.210683
ica,0.207585
sta,0.207585
ide,0.204486
str,0.204486
rea,0.19829
her,0.19829
cti,0.188995
the,0.185897
pre,0.185897
nte,0.182798
ity,0.1797
int,0.1797
ain,0.173504
per,0.173504
tic,0.170405
ine,0.170405
cal,0.167307
ort,0.164209
sti,0.164209
ble,0.164209
igh,0.16111
ure,0.16111
tor,0.16111
for,0.158012
era,0.154914
lly,0.151816
nti,0.151816
tiv,0.151816
end,0.151816
der,0.151816
ssi,0.151816
anc,0.148717
ant,0.148717
act,0.148717
and,0.148717
ran,0.145619
oun,0.145619
lat,0.142521
ove,0.142521
ste,0.142521
min,0.142521
iti,0.142521
eve,0.139422
age,0.139422
art,0.139422
enc,0.139422
ght,0.136324
sio,0.136324
ear,0.133226
ons,0.133226
par,0.133226
eat,0.133226
tur,0.130128
nal,0.130128
ast,0.130128
ass,0.130128
ten,0.127029
are,0.120833
lit,0.120833
dis,0.120833
ely,0.120833
tin,0.120833
gra,0.117735
eas,0.114636
ial,0.114636
ous,0.114636
den,0.111538
man,0.111538
und,0.111538
omp,0.111538
spe,0.111538
rac,0.10844
ont,0.10844
cha,0.10844
eme,0.105341
tan,0.105341
ere,0.105341
rec,0.102243
pla,0.102243
nde,0.102243
por,0.102243
ers,0.102243
pri,0.102243
ill,0.102243
cat,0.0991449
ead,0.0991449
ner,0.0991449
mat,0.0991449
ris,0.0991449
ose,0.0991449
cou,0.0991449
abl,0.0991449
ome,0.0960466
lea,0.0960466
nsi,0.0960466
ite,0.0960466
tri,0.0960466
tal,0.0960466
nat,0.0929483
one,0.0929483
nta,0.0929483
lin,0.0929483
pos,0.0929483
ise,0.0929483
ins,0.0929483
our,0.0929483
ual,0.0929483
tat,0.0929483
ele,0.0929483
sen,0.08985
eri,0.08985
nst,0.08985
ind,0.08985
out,0.08985
rit,0.08985
ona,0.08985
rin,0.08985
exp,0.08985
sur,0.08985
pec,0.0867518
ish,0.0867518
cre,0.0867518
tly,0.0867518
har,0.0867518
ens,0.0867518
rel,0.0867518
ini,0.0867518
ell,0.0867518
mpl,0.0867518
ard,0.0867518
ina,0.0867518
ope,0.0836535
ien,0.0836535
ren,0.0836535
cia,0.0836535
rai,0.0836535
ici,0.0836535
ric,0.0836535
lan,0.0836535
lic,0.0836535
app,0.0836535
ire,0.0805552
ian,0.0805552
ple,0.0805552
inc,0.0805552
ack,0.0805552
ary,0.0805552
rou,0.0805552
ase,0.0805552
ser,0.0805552
sho,0.0805552
unt,0.0805552
ven,0.0774569
hea,0.0774569
use,0.0774569
sid,0.0774569
ice,0.0774569
ore,0.0774569
acc,0.0774569
ath,0.0774569
orm,0.0774569
gen,0.0774569
han,0.0774569
ral,0.0774569
sit,0.0774569
mar,0.0774569
ile,0.0743587
rti,0.0743587
din,0.0743587
ili,0.0743587
fic,0.0743587
sto,0.0743587
att,0.0743587
eli,0.0743587
ese,0.0743587
sin,0.0743587
lle,0.0712604
nse,0.0712604
rep,0.0712604
can,0.0712604
nge,0.0712604
eal,0.0712604
tel,0.0712604
ret,0.0712604
ake,0.0681621
thi,0.0681621
tai,0.0681621
ail,0.0681621
ori,0.0681621
ula,0.0681621
des,0.0681621
imp,0.0681621
ust,0.0681621
tim,0.0681621
col,0.0681621
erv,0.0681621
tre,0.0681621
mis,0.0681621
ang,0.0681621
low,0.0681621
ern,0.0681621
tro,0.0681621
tte,0.0681621
edi,0.0650638
tia,0.0650638
mer,0.0650638
sel,0.0650638
ace,0.0650638
cor,0.0650638
uti,0.0650638
rie,0.0650638
tru,0.0650638
nit,0.0650638
hin,0.0650638
cul,0.0650638
eco,0.0650638
equ,0.0650638
lar,0.0650638
ree,0.0650638
che,0.0650638
ron,0.0650638
rem,0.0650638
wor,0.0650638
oth,0.0650638
ote,0.0650638
ave,0.0619655
ful,0.0619655
ign,0.0619655
car,0.0619655
oll,0.0619655
ali,0.0619655
lec,0.0619655
ene,0.0619655
uct,0.0619655
pen,0.0619655
ani,0.0619655
ert,0.0619655
ivi,0.0619655
ita,0.0619655
nin,0.0619655
mon,0.0619655
nes,0.0619655
war,0.0619655
omm,0.0619655
arr,0.0619655
ark,0.0619655
shi,0.0619655
spo,0.0619655
ted,0.0619655
reg,0.0588673
log,0.0588673
ict,0.0588673
red,0.0588673
ans,0.0588673
hol,0.0588673
esi,0.0588673
ndi,0.0588673
lig,0.0588673
ach,0.0588673
les,0.0588673
ntr,0.0588673
ost,0.0588673
ugh,0.0588673
gre,0.0588673
air,0.0588673
ong,0.0588673
vel,0.0588673
ond,0.0588673
olo,0.0588673
whe,0.055769
cle,0.055769
sis,0.055769
ery,0.055769
own,0.055769
nic,0.055769
nis,0.055769
ame,0.055769
qui,0.055769
cen,0.055769
hor,0.055769
ffe,0.055769
uni,0.055769
iss,0.055769
ult,0.055769
eci,0.055769
bil,0.0526707
ize,0.0526707
ike,0.0526707
tch,0.0526707
ock,0.0526707
duc,0.0526707
ora,0.0526707
isi,0.0526707
sig,0.0526707
ppo,0.0526707
rad,0.0526707
inv,0.0526707
ima,0.0526707
bli,0.0526707
que,0.0526707
esp,0.0526707
ean,0.0526707
ato,0.0526707
fer,0.0526707
cur,0.0526707
val,0.0526707
unc,0.0526707
leg,0.0526707
ale,0.0526707
nve,0.0526707
chi,0.0526707
cri,0.0495724
sse,0.0495724
exc,0.0495724
erm,0.0495724
rio,0.0495724
eti,0.0495724
ubl,0.0495724
ete,0.0495724
emp,0.0495724
ext,0.0495724
ibl,0.0495724
rri,0.0495724
nor,0.0495724
len,0.0495724
rop,0.0495724
oti,0.0495724
iou,0.0495724
lis,0.0495724
imi,0.0495724
rag,0.0495724
sec,0.0495724
sol,0.0495724
tle,0.0495724
tea,0.0495724
iat,0.0495724
rve,0.0495724
hou,0.0495724
ord,0.0495724
tar,0.0495724
ara,0.0495724
row,0.0495724
cer,0.0495724
pea,0.0495724
ces,0.0495724
onc,0.0495724
ger,0.0495724
asi,0.0464742
tit,0.0464742
ari,0.0464742
riv,0.0464742
oug,0.0464742
sha,0.0464742
orr,0.0464742
dit,0.0464742
off,0.0464742
rta,0.0464742
old,0.0464742
oli,0.0464742
ade,0.0464742
rma,0.0464742
omi,0.0464742
qua,0.0464742
rev,0.0464742
gin,0.0464742
ura,0.0464742
clo,0.0464742
fin,0.0464742
vis,0.0464742
dep,0.0464742
rap,0.0464742
pat,0.0464742
bit,0.0464742
sup,0.0464742
win,0.0464742
las,0.0464742
emo,0.0464742
lon,0.0464742
los,0.0464742
tab,0.0464742
dic,0.0464742
rro,0.0433759
eed,0.0433759
spi,0.0433759
ela,0.0433759
rov,0.0433759
rse,0.0433759
rom,0.0433759
ick,0.0433759
mor,0.0433759
pan,0.0433759
plo,0.0433759
arm,0.0433759
pon,0.0433759
kin,0.0433759
ank,0.0433759
alt,0.0433759
ime,0.0433759
xpe,0.0433759
ntl,0.0433759
son,0.0433759
oss,0.0433759
tho,0.0433759
rce,0.0433759
tem,0.0433759
hip,0.0433759
hel,0.0433759
ref,0.0433759
ole,0.0433759
rth,0.0433759
rib,0.0433759
ute,0.0433759
evi,0.0402776
mot,0.0402776
ood,0.0402776
tee,0.0402776
eac,0.0402776
nda,0.0402776
olu,0.0402776
dra,0.0402776
tec,0.0402776
ork,0.0402776
eer,0.0402776
eng,0.0402776
fac,0.0402776
rim,0.0402776
rge,0.0402776
emi,0.0402776
usi,0.0402776
his,0.0402776
rch,0.0402776
ega,0.0402776
mit,0.0402776
ume,0.0402776
ink,0.0402776
uit,0.0402776
ecu,0.0402776
ket,0.0402776
pol,0.0402776
lik,0.0402776
pic,0.0402776
mil,0.0402776
sla,0.0402776
atu,0.0402776
abi,0.0402776
ban,0.0402776
cra,0.0402776
but,0.0402776
ctu,0.0402776
adi,0.0402776
cce,0.0402776
cas,0.0402776
dia,0.0402776
bor,0.0371793
isc,0.0371793
rly,0.0371793
sic,0.0371793
ece,0.0371793
mpo,0.0371793
gic,0.0371793
scr,0.0371793
mea,0.0371793
eak,0.0371793
wea,0.0371793
ema,0.0371793
med,0.0371793
ory,0.0371793
ior,0.0371793
thr,0.0371793
urs,0.0371793
egi,0.0371793
sea,0.0371793
lli,0.0371793
inf,0.0371793
lac,0.0371793
llo,0.0371793
cho,0.0371793
urn,0.0371793
pas,0.0371793
ruc,0.0371793
bal,0.0371793
fre,0.0371793
sor,0.0371793
pti,0.0371793
ook,0.0371793
rus,0.0371793
siv,0.0371793
stu,0.0371793
lim,0.0371793
bri,0.0371793
mal,0.0371793
vat,0.0371793
ber,0.0371793
cit,0.0371793
wer,0.0340811
ith,0.0340811
bel,0.0340811
een,0.0340811
sed,0.0340811
eig,0.0340811
roc,0.0340811
ifi,0.0340811
fra,0.0340811
adv,0.0340811
arg,0.0340811
nne,0.0340811
hal,0.0340811
not,0.0340811
dri,0.0340811
ana,0.0340811
ild,0.0340811
gar,0.0340811
tac,0.0340811
sca,0.0340811
cto,0.0340811
lve,0.0340811
vol,0.0340811
dem,0.0340811
sum,0.0340811
oma,0.0340811
fun,0.0340811
onf,0.0340811
lay,0.0340811
irt,0.0340811
efe,0.0340811
tom,0.0340811
cus,0.0340811
any,0.0340811
som,0.0340811
way,0.0340811
loo,0.0340811
ffi,0.0340811
itu,0.0340811
ept,0.0340811
onv,0.0340811
def,0.0340811
nch,0.0340811
err,0.0340811
ogr,0.0340811
vit,0.0340811
cip,0.0340811
del,0.0340811
bea,0.0340811
coo,0.0340811
roo,0.0340811
tis,0.0340811
bas,0.0340811
ves,0.0340811
cla,0.0340811
pub,0.0340811
upp,0.0340811
sub,0.0340811
dat,0.0340811
dea,0.0340811
rre,0.0340811
ech,0.0340811
tua,0.0340811
wel,0.0340811
cli,0.0340811
ler,0.0340811
epa,0.0309828
vil,0.0309828
vio,0.0309828
vin,0.0309828
dec,0.0309828
ull,0.0309828
eta,0.0309828
eth,0.0309828
ttl,0.0309828
esc,0.0309828
oin,0.0309828
mag,0.0309828
mai,0.0309828
ogi,0.0309828
aut,0.0309828
sib,0.0309828
ena,0.0309828
erc,0.0309828
oke,0.0309828
sou,0.0309828
ode,0.0309828
rid,0.0309828
clu,0.0309828
dar,0.0309828
tes,0.0309828
ria,0.0309828
uth,0.0309828
iva,0.0309828
nvi,0.0309828
cep,0.0309828
cco,0.0309828
hil,0.0309828
she,0.0309828
ono,0.0309828
cap,0.0309828
ash,0.0309828
mpr,0.0309828
eam,0.0309828
ily,0.0309828
pra,0.0309828
uen,0.0309828
jec,0.0309828
lia,0.0309828
tif,0.0309828
ras,0.0309828
oon,0.0309828
icu,0.0309828
til,0.0309828
ram,0.0309828
now,0.0309828
ane,0.0309828
oot,0.0309828
pai,0.0309828
nom,0.0309828
bro,0.0309828
ape,0.0309828
cie,0.0309828
mmi,0.0309828
mic,0.0309828
vor,0.0309828
wit,0.0309828
soc,0.0309828
let,0.0309828
eep,0.0309828
osi,0.0309828
met,0.0309828
elo,0.0309828
pli,0.0309828
eel,0.0309828
ami,0.0278845
nea,0.0278845
gan,0.0278845
nee,0.0278845
owe,0.0278845
gat,0.0278845
lem,0.0278845
ics,0.0278845
sco,0.0278845
pit,0.0278845
sus,0.0278845
iso,0.0278845
iff,0.0278845
ett,0.0278845
ift,0.0278845
lie,0.0278845
bre,0.0278845
bra,0.0278845
uat,0.0278845
fro,0.0278845
pin,0.0278845
lai,0.0278845
lab,0.0278845
hap,0.0278845
bat,0.0278845
hee,0.0278845
loc,0.0278845
hen,0.0278845
rab,0.0278845
uck,0.0278845
net,0.0278845
org,0.0278845
ann,0.0278845
oce,0.0278845
hoo,0.0278845
uar,0.0278845
hop,0.0278845
rig,0.0278845
ply,0.0278845
bac,0.0278845
fen,0.0278845
lot,0.0278845
ngl,0.0278845
awa,0.0278845
rna,0.0278845
erf,0.0278845
wis,0.0278845
sli,0.0278845
abo,0.0278845
dle,0.0278845
dan,0.0278845
div,0.0278845
cut,0.0278845
rod,0.0278845
oni,0.0278845
dev,0.0278845
nci,0.0278845
rot,0.0278845
dom,0.0278845
mpa,0.0278845
mus,0.0278845
edu,0.0278845
dly,0.0278845
vid,0.0278845
vie,0.0278845
ola,0.0278845
mod,0.0278845
nar,0.0278845
ros,0.0278845
roa,0.0278845
elf,0.0278845
sso,0.0278845
efu,0.0278845
rol,0.0278845
set,0.0278845
ror,0.0247862
xpl,0.0247862
liv,0.0247862
hat,0.0247862
ala,0.0247862
fri,0.0247862
dge,0.0247862
flo,0.0247862
sal,0.0247862
ump,0.0247862
tou,0.0247862
pot,0.0247862
hem,0.0247862
ccu,0.0247862
raw,0.0247862
nco,0.0247862
ues,0.0247862
fte,0.0247862
oci,0.0247862
eni,0.0247862
vic,0.0247862
tme,0.0247862
oad,0.0247862
tir,0.0247862
urr,0.0247862
mme,0.0247862
gni,0.0247862
gro,0.0247862
aft,0.0247862
ibi,0.0247862
rni,0.0247862
bly,0.0247862
bur,0.0247862
rvi,0.0247862
sci,0.0247862
req,0.0247862
atc,0.0247862
bin,0.0247862
gue,0.0247862
add,0.0247862
gui,0.0247862
ush,0.0247862
uri,0.0247862
nan,0.0247862
swe,0.0247862
apa,0.0247862
rtu,0.0247862
get,0.0247862
tig,0.0247862
rof,0.0247862
pur,0.0247862
emb,0.0247862
mpe,0.0247862
cro,0.0247862
cov,0.0247862
top,0.0247862
rte,0.0247862
isl,0.0247862
nsu,0.0247862
exi,0.0247862
pho,0.0247862
hro,0.0247862
rip,0.0247862
ppe,0.0247862
agi,0.0247862
loy,0.0247862
fai,0.0247862
nsp,0.0247862
nfo,0.0247862
fec,0.0247862
hos,0.0247862
ctr,0.0247862
ppr,0.0247862
rke,0.0247862
lut,0.0247862
lus,0.0247862
avo,0.0247862
hot,0.0247862
ism,0.0247862
fle,0.0247862
whi,0.0247862
van,0.0247862
lue,0.0247862
amp,0.0247862
arc,0.0247862
arl,0.0247862
ncy,0.0247862
fes,0.0247862
nct,0.0247862
ncr,0.0247862
rdi,0.0247862
tag,0.0247862
dow,0.0247862
iet,0.0247862
rde,0.0247862
odu,0.0247862
pal,0.0247862
hic,0.0247862
tha,0.0247862
fir,0.0247862
uch,0.0247862
orc,0.0247862
rpr,0.0247862
mou,0.0247862
fit,0.0247862
isa,0.0216879
hig,0.0216879
sua,0.0216879
eet,0.0216879
tie,0.0216879
wil,0.0216879
eff,0.0216879
wid,0.0216879
gri,0.0216879
dif,0.0216879
hri,0.0216879
oto,0.0216879
run,0.0216879
oub,0.0216879
teg,0.0216879
hun,0.0216879
bar,0.0216879
suc,0.0216879
hir,0.0216879
hit,0.0216879
ovi,0.0216879
tow,0.0216879
boo,0.0216879
wal,0.0216879
cel,0.0216879
ker,0.0216879
ung,0.0216879
alo,0.0216879
hon,0.0216879
sil,0.0216879
bot,0.0216879
ray,0.0216879
ipa,0.0216879
you,0.0216879
opp,0.0216879
mpt,0.0216879
ced,0.0216879
kno,0.0216879
sat,0.0216879
aph,0.0216879
tun,0.0216879
lop,0.0216879
epr,0.0216879
iew,0.0216879
coa,0.0216879
dre,0.0216879
ief,0.0216879
epe,0.0216879
ton,0.0216879
fla,0.0216879
ody,0.0216879
oor,0.0216879
rty,0.0216879
uto,0.0216879
day,0.0216879
try,0.0216879
pil,0.0216879
sui,0.0216879
inn,0.0216879
rsi,0.0216879
phy,0.0216879
dmi,0.0216879
cte,0.0216879
ssu,0.0216879
lty,0.0216879
igi,0.0216879
cop,0.0216879
aus,0.0216879
put,0.0216879
ify,0.0216879
urp,0.0216879
nly,0.0216879
far,0.0216879
fas,0.0216879
fat,0.0216879
spr,0.0216879
fea,0.0216879
lor,0.0216879
fee,0.0216879
asu,0.0216879
ssa,0.0216879
dir,0.0216879
cis,0.0216879
oom,0.0216879
pul,0.0216879
uid,0.0216879
omb,0.0216879
arn,0.0216879
nio,0.0216879
occ,0.0216879
led,0.0216879
ibe,0.0216879
bus,0.0216879
une,0.0216879
lde,0.0216879
urv,0.0216879
rva,0.0216879
pac,0.0216879
blo,0.0216879
cke,0.0216879
bla,0.0216879
lid,0.0216879
olv,0.0216879
oca,0.0216879
lif,0.0216879
yer,0.0216879
adm,0.0216879
lla,0.0216879
wee,0.0216879
dua,0.0216879
rga,0.0216879
bet,0.0185897
ibu,0.0185897
itt,0.0185897
uil,0.0185897
nag,0.0185897
doc,0.0185897
efi,0.0185897
who,0.0185897
ski,0.0185897
itc,0.0185897
ito,0.0185897
ama,0.0185897
rav,0.0185897
ool,0.0185897
san,0.0185897
dou,0.0185897
rar,0.0185897
ony,0.0185897
ium,0.0185897
unn,0.0185897
beh,0.0185897
ife,0.0185897
ier,0.0185897
rra,0.0185897
adu,0.0185897
fig,0.0185897
fil,0.0185897
mbe,0.0185897
fis,0.0185897
mbi,0.0185897
see,0.0185897
pee,0.0185897
fol,0.0185897
arb,0.0185897
fou,0.0185897
eno,0.0185897
orn,0.0185897
rmi,0.0185897
tut,0.0185897
xce,0.0185897
rsh,0.0185897
dde,0.0185897
rry,0.0185897
mel,0.0185897
usl,0.0185897
vir,0.0185897
nec,0.0185897
xte,0.0185897
pet,0.0185897
yst,0.0185897
lun,0.0185897
ogy,0.0185897
eva,0.0185897
tog,0.0185897
nli,0.0185897
spa,0.0185897
exa,0.0185897
inu,0.0185897
how,0.0185897
bje,0.0185897
tud,0.0185897
sia,0.0185897
erg,0.0185897
mas,0.0185897
fav,0.0185897
iol,0.0185897
utt,0.0185897
ndo,0.0185897
epo,0.0185897
imm,0.0185897
cem,0.0185897
has,0.0185897
cei,0.0185897
det,0.0185897
aci,0.0185897
imu,0.0185897
nni,0.0185897
alk,0.0185897
ses,0.0185897
opt,0.0185897
pir,0.0185897
swi,0.0185897
mov,0.0185897
alm,0.0185897
nto,0.0185897
ude,0.0185897
hom,0.0185897
eav,0.0185897
ppl,0.0185897
jus,0.0185897
alu,0.0185897
sim,0.0185897
dee,0.0185897
lev,0.0185897
eld,0.0185897
mid,0.0185897
rne,0.0185897
gis,0.0185897
lee,0.0185897
sch,0.0185897
egu,0.0185897
nel,0.0185897
egr,0.0185897
mma,0.0185897
urt,0.0185897
ege,0.0185897
lau,0.0185897
gul,0.0185897
lam,0.0185897
eek,0.0185897
poi,0.0185897
iro,0.0154914
sev,0.0154914
ysi,0.0154914
ird,0.0154914
irm,0.0154914
uir,0.0154914
niz,0.0154914
irc,0.0154914
tto,0.0154914
lex,0.0154914
lib,0.0154914
scu,0.0154914
smi,0.0154914
ndu,0.0154914
lou,0.0154914
lov,0.0154914
lse,0.0154914
phi,0.0154914
lte,0.0154914
lth,0.0154914
ndl,0.0154914
lum,0.0154914
sce,0.0154914
avi,0.0154914
slo,0.0154914
mbl,0.0154914
ncl,0.0154914
sem,0.0154914
nam,0.0154914
mos,0.0154914
ask,0.0154914
mpi,0.0154914
sle,0.0154914
mul,0.0154914
mun,0.0154914
nfl,0.0154914
bes,0.0154914
ben,0.0154914
nim,0.0154914
nig,0.0154914
nif,0.0154914
ngr,0.0154914
pse,0.0154914
uff,0.0154914
tne,0.0154914
jur,0.0154914
tas,0.0154914
key,0.0154914
isp,0.0154914
pou,0.0154914
kil,0.0154914
uce,0.0154914
ubs,0.0154914
pop,0.0154914
poo,0.0154914
lad,0.0154914
nev,0.0154914
law,0.0154914
sex,0.0154914
nen,0.0154914
nei,0.0154914
unl,0.0154914
ocu,0.0154914
chn,0.0154914
chr,0.0154914
oop,0.0154914
var,0.0154914
ott,0.0154914
hre,0.0154914
hte,0.0154914
cid,0.0154914
efo,0.0154914
dro,0.0154914
rba,0.0154914
cru,0.0154914
hum,0.0154914
agr,0.0154914
ctl,0.0154914
acy,0.0154914
iab,0.0154914
amb,0.0154914
rpo,0.0154914
gna,0.0154914
aid,0.0154914
gly,0.0154914
ecr,0.0154914
ait,0.0154914
die,0.0154914
uts,0.0154914
rif,0.0154914
vot,0.0154914
abs,0.0154914
opo,0.0154914
urb,0.0154914
rum,0.0154914
urc,0.0154914
hai,0.0154914
reh,0.0154914
fly,0.0154914
hes,0.0154914
aff,0.0154914
wri,0.0154914
ebr,0.0154914
nty,0.0154914
ntu,0.0154914
oft,0.0154914
sue,0.0154914
cos,0.0154914
rog,0.0154914
exe,0.0154914
eha,0.0154914
gua,0.0154914
evo,0.0154914
bod,0.0154914
oul,0.0154914
uma,0.0154914
ila,0.0154914
sof,0.0154914
raf,0.0154914
rso,0.0154914
rme,0.0154914
eem,0.0154914
acr,0.0154914
bon,0.0154914
nno,0.0154914
ado,0.0154914
gle,0.0154914
nme,0.0154914
sac,0.0154914
deb,0.0154914
ule,0.0154914
ais,0.0154914
civ,0.0154914
ded,0.0154914
oat,0.0154914
ipl,0.0154914
usp,0.0154914
eiv,0.0154914
aim,0.0154914
nou,0.0154914
dam,0.0154914
onl,0.0154914
epu,0.0154914
gal,0.0154914
edl,0.0154914
bst,0.0154914
epl,0.0154914
rst,0.0154914
non,0.0154914
gai,0.0154914
cio,0.0154914
iga,0.0154914
ero,0.0154914
bse,0.0154914
erl,0.0154914
sme,0.0123931
loa,0.0123931
mmo,0.0123931
twi,0.0123931
ltu,0.0123931
sma,0.0123931
flu,0.0123931
uss,0.0123931
pid,0.0123931
twe,0.0123931
aig,0.0123931
lio,0.0123931
foo,0.0123931
liz,0.0123931
sym,0.0123931
shr,0.0123931
obs,0.0123931
obj,0.0123931
mmu,0.0123931
lip,0.0123931
pay,0.0123931
tak,0.0123931
xam,0.0123931
ady,0.0123931
oil,0.0123931
erw,0.0123931
cum,0.0123931
ata,0.0123931
erp,0.0123931
mak,0.0123931
tta,0.0123931
eho,0.0123931
rsu,0.0123931
vem,0.0123931
tsi,0.0123931
ein,0.0123931
eol,0.0123931
esh,0.0123931
aun,0.0123931
env,0.0123931
rmo,0.0123931
ddi,0.0123931
mem,0.0123931
aug,0.0123931
adl,0.0123931
yon,0.0123931
mes,0.0123931
mew,0.0123931
seq,0.0123931
eit,0.0123931
squ,0.0123931
mig,0.0123931
sly,0.0123931
ril,0.0123931
fan,0.0123931
fam,0.0123931
omo,0.0123931
ofe,0.0123931
tum,0.0123931
ego,0.0123931
tol,0.0123931
ymp,0.0123931
vac,0.0123931
exh,0.0123931
ewa,0.0123931
agn,0.0123931
phe,0.0123931
tex,0.0123931
lud,0.0123931
cta,0.0123931
ttr,0.0123931
ety,0.0123931
riz,0.0123931
mix,0.0123931
vas,0.0123931
pha,0.0123931
esu,0.0123931
eso,0.0123931
hys,0.0123931
bui,0.0123931
bul,0.0123931
too,0.0123931
cab,0.0123931
api,0.0123931
nia,0.0123931
owd,0.0123931
dor,0.0123931
ngt,0.0123931
uic,0.0123931
wes,0.0123931
nsf,0.0123931
ugg,0.0123931
icl,0.0123931
unk,0.0123931
ouc,0.0123931
hur,0.0123931
ngi,0.0123931
jou,0.0123931
jud,0.0123931
nth,0.0123931
cam,0.0123931
cau,0.0123931
hoc,0.0123931
diu,0.0123931
udi,0.0123931
kel,0.0123931
bou,0.0123931
ova,0.0123931
iqu,0.0123931
ira,0.0123931
xtr,0.0123931
niv,0.0123931
irl,0.0123931
wha,0.0123931
yth,0.0123931
anu,0.0123931
uld,0.0123931
ano,0.0123931
bol,0.0123931
oup,0.0123931
aye,0.0123931
nab,0.0123931
isk,0.0123931
bow,0.0123931
umb,0.0123931
ige,0.0123931
iev,0.0123931
amo,0.0123931
opi,0.0123931
don,0.0123931
sul,0.0123931
oud,0.0123931
idd,0.0123931
gne,0.0123931
cir,0.0123931
rei,0.0123931
lap,0.0123931
new,0.0123931
shm,0.0123931
onn,0.0123931
apt,0.0123931
ota,0.0123931
rug,0.0123931
eca,0.0123931
zen,0.0123931
ury,0.0123931
ham,0.0123931
eck,0.0123931
glo,0.0123931
gla,0.0123931
giv,0.0123931
oac,0.0123931
gio,0.0123931
cil,0.0123931
cin,0.0123931
rew,0.0123931
ghl,0.0123931
typ,0.0123931
nfe,0.0123931
hni,0.0123931
udg,0.0123931
dva,0.0123931
upe,0.0123931
udd,0.0123931
hly,0.0123931
ken,0.0123931
hie,0.0123931
dig,0.0123931
hib,0.0123931
heo,0.0123931
num,0.0123931
rui,0.0123931
owl,0.0123931
aso,0.0123931
kne,0.0123931
ucc,0.0123931
uca,0.0123931
alf,0.0123931
ney,0.0123931
nut,0.0123931
rul,0.0123931
hav,0.0123931
opu,0.00929483
rpl,0.00929483
acu,0.00929483
oba,0.00929483
arp,0.00929483
oph,0.00929483
sir,0.00929483
ada,0.00929483
abe,0.00929483
oos,0.00929483
aly,0.00929483
thu,0.00929483
thy,0.00929483
aps,0.00929483
nvo,0.00929483
nva,0.00929483
nex,0.00929483
zat,0.00929483
alc,0.00929483
nfi,0.00929483
nue,0.00929483
nua,0.00929483
nfr,0.00929483
nfu,0.00929483
ajo,0.00929483
apo,0.00929483
nso,0.00929483
nsh,0.00929483
ngs,0.00929483
ngu,0.00929483
nsc,0.00929483
nsa,0.00929483
nov,0.00929483
nos,0.00929483
tip,0.00929483
nkl,0.00929483
nki,0.00929483
ndr,0.00929483
oly,0.00929483
orb,0.00929483
oje,0.00929483
afe,0.00929483
afr,0.00929483
aga,0.00929483
ogn,0.00929483
ofi,0.00929483
ndm,0.00929483
orl,0.00929483
odi,0.00929483
orp,0.00929483
omf,0.00929483
nds,0.00929483
ocr,0.00929483
thd,0.00929483
oya,0.00929483
thl,0.00929483
nke,0.00929483
oas,0.00929483
ned,0.00929483
oal,0.00929483
osp,0.00929483
tap,0.00929483
neg,0.00929483
reb,0.00929483
voc,0.00929483
xhi,0.00929483
rci,0.00929483
viv,0.00929483
elc,0.00929483
hme,0.00929483
sud,0.00929483
elm,0.00929483
rup,0.00929483
cca,0.00929483
elp,0.00929483
elt,0.00929483
het,0.00929483
suf,0.00929483
hed,0.00929483
cee,0.00929483
ups,0.00929483
upt,0.00929483
hbo,0.00929483
hab,0.00929483
urd,0.00929483
xec,0.00929483
urg,0.00929483
gth,0.00929483
uro,0.00929483
gov,0.00929483
gol,0.00929483
ida,0.00929483
deo,0.00929483
igu,0.00929483
igr,0.00929483
umm,0.00929483
ies,0.00929483
rob,0.00929483
xpa,0.00929483
iel,0.00929483
ied,0.00929483
umo,0.00929483
bso,0.00929483
una,0.00929483
xis,0.00929483
elv,0.00929483
eez,0.00929483
rwa,0.00929483
ich,0.00929483
efl,0.00929483
unf,0.00929483
ehi,0.00929483
iag,0.00929483
hus,0.00929483
sug,0.00929483
htl,0.00929483
rbi,0.00929483
uns,0.00929483
sop,0.00929483
won,0.00929483
fru,0.00929483
fli,0.00929483
fif,0.00929483
rtr,0.00929483
utu,0.00929483
rik,0.00929483
fem,0.00929483
fel,0.00929483
uty,0.00929483
fal,0.00929483
erb,0.00929483
rld,0.00929483
cog,0.00929483
epi,0.00929483
eze,0.00929483
exu,0.00929483
vai,0.00929483
ewh,0.00929483
ewe,0.00929483
cry,0.00929483
eur,0.00929483
etr,0.00929483
cup,0.00929483
ved,0.00929483
ssm,0.00929483
wou,0.00929483
cue,0.00929483
rfu,0.00929483
gno,0.00929483
gme,0.00929483
gli,0.00929483
sty,0.00929483
cif,0.00929483
rsa,0.00929483
ghb,0.00929483
ddl,0.00929483
rfe,0.00929483
gge,0.00929483
ges,0.00929483
gem,0.00929483
rfo,0.00929483
bru,0.00929483
ged,0.00929483
gaz,0.00929483
xcl,0.00929483
usu,0.00929483
vey,0.00929483
xci,0.00929483
gag,0.00929483
rgi,0.00929483
enu,0.00929483
fus,0.00929483
fur,0.00929483
stm,0.00929483
stl,0.00929483
dur,0.00929483
yme,0.00929483
lob,0.00929483
pie,0.00929483
yin,0.00929483
llu,0.00929483
dry,0.00929483
pio,0.00929483
smo,0.00929483
two,0.00929483
pis,0.00929483
syc,0.00929483
wei,0.00929483
leb,0.00929483
dul,0.00929483
dru,0.00929483
dus,0.00929483
lco,0.00929483
pme,0.00929483
dvi,0.00929483
poe,0.00929483
lav,0.00929483
dip,0.00929483
dwi,0.00929483
dil,0.00929483
ubt,0.00929483
kly,0.00929483
wai,0.00929483
ych,0.00929483
dli,0.00929483
arv,0.00929483
mum,0.00929483
tot,0.00929483
mys,0.00929483
mpu,0.00929483
spl,0.00929483
mph,0.00929483
moo,0.00929483
mom,0.00929483
doo,0.00929483
moc,0.00929483
asp,0.00929483
asy,0.00929483
kle,0.00929483
mir,0.00929483
mfo,0.00929483
sep,0.00929483
aul,0.00929483
mec,0.00929483
mba,0.00929483
may,0.00929483
maj,0.00929483
ava,0.00929483
pel,0.00929483
luc,0.00929483
lua,0.00929483
lti,0.00929483
bio,0.00929483
soa,0.00929483
xua,0.00929483
uin,0.00929483
irs,0.00929483
ecl,0.00929483
iri,0.00929483
saf,0.00929483
uis,0.00929483
ipt,0.00929483
pun,0.00929483
ipe,0.00929483
eda,0.00929483
was,0.00929483
sag,0.00929483
ede,0.00929483
bir,0.00929483
ino,0.00929483
sun,0.00929483
edg,0.00929483
boa,0.00929483
xpo,0.00929483
wak,0.00929483
bom,0.00929483
imb,0.00929483
ilt,0.00929483
ilo,0.00929483
eau,0.00929483
iza,0.00929483
wat,0.00929483
psy,0.00929483
uge,0.00929483
bec,0.00929483
jew,0.00929483
yal,0.00929483
jor,0.00929483
bee,0.00929483
sap,0.00929483
ppi,0.00929483
dib,0.00929483
eap,0.00929483
sar,0.00929483
eag,0.00929483
pow,0.00929483
pta,0.00929483
eba,0.00929483
rok,0.00929483
ivo,0.00929483
bef,0.00929483
roj,0.00929483
beg,0.00929483
itn,0.00929483
opm,0.00619655
sra,0.00619655
opy,0.00619655
six,0.00619655
sph,0.00619655
siz,0.00619655
ssf,0.00619655
rli,0.00619655
rno,0.00619655
rks,0.00619655
roy,0.00619655
rru,0.00619655
sau,0.00619655
sab,0.00619655
pus,0.00619655
sfo,0.00619655
sad,0.00619655
sfe,0.00619655
pum,0.00619655
ptu,0.00619655
sam,0.00619655
pte,0.00619655
owa,0.00619655
ppy,0.00619655
owi,0.00619655
ppa,0.00619655
sne,0.00619655
pok,0.00619655
quo,0.00619655
sav,0.00619655
say,0.00619655
sky,0.00619655
oxi,0.00619655
plu,0.00619655
sna,0.00619655
scl,0.00619655
oye,0.00619655
sys,0.00619655
oym,0.00619655
oze,0.00619655
pau,0.00619655
pab,0.00619655
pap,0.00619655
tay,0.00619655
rki,0.00619655
rtl,0.00619655
rtm,0.00619655
rtn,0.00619655
ske,0.00619655
shu,0.00619655
rub,0.00619655
ors,0.00619655
rgu,0.00619655
rgo,0.00619655
orw,0.00619655
oso,0.00619655
rue,0.00619655
reo,0.00619655
tba,0.00619655
sov,0.00619655
rds,0.00619655
rdl,0.00619655
rcu,0.00619655
tax,0.00619655
rcl,0.00619655
rby,0.00619655
rbo,0.00619655
rut,0.00619655
rau,0.00619655
soo,0.00619655
rwh,0.00619655
sfu,0.00619655
sod,0.00619655
rae,0.00619655
ewo,0.00619655
enl,0.00619655
enr,0.00619655
eon,0.00619655
vet,0.00619655
eor,0.00619655
eph,0.00619655
erd,0.00619655
etc,0.00619655
etu,0.00619655
etw,0.00619655
ewi,0.00619655
enf,0.00619655
ews,0.00619655
eye,0.00619655
eyo,0.00619655
fet,0.00619655
few,0.00619655
ffo,0.00619655
fid,0.00619655
fie,0.00619655
utr,0.00619655
fix,0.00619655
wav,0.00619655
dol,0.00619655
dop,0.00619655
wen,0.00619655
due,0.00619655
dum,0.00619655
dut,0.00619655
dve,0.00619655
dvo,0.00619655
dyn,0.00619655
wde,0.00619655
ebo,0.00619655
foc,0.00619655
ebu,0.00619655
wan,0.00619655
edy,0.00619655
wag,0.00619655
egn,0.00619655
ehe,0.00619655
eil,0.00619655
eir,0.00619655
voi,0.00619655
els,0.00619655
hti,0.00619655
hec,0.00619655
hei,0.00619655
hey,0.00619655
hid,0.00619655
hif,0.00619655
him,0.00619655
hio,0.00619655
hle,0.00619655
hno,0.00619655
hoe,0.00619655
uot,0.00619655
hdr,0.00619655
hug,0.00619655
hut,0.00619655
hwe,0.00619655
iar,0.00619655
ias,0.00619655
ico,0.00619655
icy,0.00619655
idg,0.00619655
idi,0.00619655
ido,0.00619655
gif,0.00619655
utl,0.00619655
fug,0.00619655
fut,0.00619655
utc,0.00619655
uta,0.00619655
gas,0.00619655
gel,0.00619655
ggl,0.00619655
ggr,0.00619655
gho,0.00619655
gia,0.00619655
wic,0.00619655
gir,0.00619655
git,0.00619655
usa,0.00619655
goa,0.00619655
goo,0.00619655
got,0.00619655
gry,0.00619655
gur,0.00619655
had,0.00619655
hau,0.00619655
yes,0.00619655
ype,0.00619655
atm,0.00619655
atr,0.00619655
auc,0.00619655
aud,0.00619655
yna,0.00619655
ymo,0.00619655
ymb,0.00619655
yle,0.00619655
awn,0.00619655
yie,0.00619655
ypi,0.00619655
yel,0.00619655
ayo,0.00619655
aze,0.00619655
azi,0.00619655
yea,0.00619655
bab,0.00619655
bad,0.00619655
bag,0.00619655
ycl,0.00619655
ybo,0.00619655
zin,0.00619655
aba,0.00619655
abr,0.00619655
abu,0.00619655
aca,0.00619655
acl,0.00619655
acq,0.00619655
adc,0.00619655
adj,0.00619655
zon,0.00619655
ael,0.00619655
agg,0.00619655
yar,0.00619655
ago,0.00619655
agu,0.00619655
ahe,0.00619655
als,0.00619655
amm,0.00619655
ywh,0.00619655
anx,0.00619655
aro,0.00619655
ars,0.00619655
asa,0.00619655
dal,0.00619655
xcu,0.00619655
xch,0.00619655
ckl,0.00619655
xac,0.00619655
cky,0.00619655
wro,0.00619655
cot,0.00619655
cqu,0.00619655
cyc,0.00619655
woo,0.00619655
dai,0.00619655
chu,0.00619655
wnt,0.00619655
wne,0.00619655
dca,0.00619655
ddr,0.00619655
wly,0.00619655
wle,0.00619655
wim,0.00619655
dim,0.00619655
dio,0.00619655
dju,0.00619655
bud,0.00619655
bed,0.00619655
bei,0.00619655
bey,0.00619655
xtu,0.00619655
bid,0.00619655
blu,0.00619655
xpr,0.00619655
bov,0.00619655
boy,0.00619655
xit,0.00619655
buc,0.00619655
oof,0.00619655
xim,0.00619655
buy,0.00619655
bvi,0.00619655
cad,0.00619655
xic,0.00619655
xib,0.00619655
cci,0.00619655
cea,0.00619655
xer,0.00619655
xed,0.00619655
nsw,0.00619655
liq,0.00619655
nxi,0.00619655
nus,0.00619655
lmo,0.00619655
lne,0.00619655
nui,0.00619655
nuf,0.00619655
ntm,0.00619655
tyl,0.00619655
lom,0.00619655
tuf,0.00619655
tue,0.00619655
nsm,0.00619655
lta,0.00619655
tty,0.00619655
lwa,0.00619655
nsl,0.00619655
oak,0.00619655
obo,0.00619655
ubj,0.00619655
ubb,0.00619655
obl,0.00619655
obi,0.00619655
lag,0.00619655
oar,0.00619655
lax,0.00619655
npr,0.00619655
lcu,0.00619655
nyw,0.00619655
nym,0.00619655
ldw,0.00619655
uad,0.00619655
thw,0.00619655
lep,0.00619655
ley,0.00619655
nak,0.00619655
mse,0.00619655
tma,0.00619655
muc,0.00619655
nhe,0.00619655
mur,0.00619655
mut,0.00619655
nha,0.00619655
nai,0.00619655
niq,0.00619655
nga,0.00619655
nfa,0.00619655
neu,0.00619655
ndf,0.00619655
nem,0.00619655
tod,0.00619655
toc,0.00619655
nef,0.00619655
nny,0.00619655
lyi,0.00619655
lym,0.00619655
lys,0.00619655
noo,0.00619655
tti,0.00619655
nol,0.00619655
noc,0.00619655
mac,0.00619655
ldi,0.00619655
mbo,0.00619655
mee,0.00619655
nnu,0.00619655
nks,0.00619655
tiz,0.00619655
mob,0.00619655
nju,0.00619655
mok,0.00619655
uie,0.00619655
oic,0.00619655
oge,0.00619655
irp,0.00619655
uip,0.00619655
isd,0.00619655
isf,0.00619655
isr,0.00619655
itl,0.00619655
tep,0.00619655
ubu,0.00619655
its,0.00619655
ixe,0.00619655
ixt,0.00619655
jap,0.00619655
oet,0.00619655
ufa,0.00619655
odd,0.00619655
omy,0.00619655
idu,0.00619655
ids,0.00619655
umn,0.00619655
onu,0.00619655
ilk,0.00619655
ulu,0.00619655
uls,0.00619655
onm,0.00619655
tfo,0.00619655
inh,0.00619655
inj,0.00619655
olf,0.00619655
oki,0.00619655
inl,0.00619655
oka,0.00619655
inm,0.00619655
kay,0.00619655
uee,0.00619655
obv,0.00619655
jun,0.00619655
jum,0.00619655
oct,0.00619655
oda,0.00619655
oco,0.00619655
uel,0.00619655
kid,0.00619655
joy,0.00619655
kis,0.00619655
jok,0.00619655
udy,0.00619655
kit,0.00619655
joi,0.00619655
xio,0.00309828
tei,0.00309828
xie,0.00309828
thn,0.00309828
teb,0.00309828
tli,0.00309828
maz,0.00309828
thq,0.00309828
thm,0.00309828
zza,0.00309828
tmo,0.00309828
tni,0.00309828
yfr,0.00309828
tef,0.00309828
xha,0.00309828
ynd,0.00309828
yor,0.00309828
tob,0.00309828
zzl,0.00309828
tco,0.00309828
yof,0.00309828
sno,0.00309828
ywa,0.00309828
tid,0.00309828
yda,0.00309828
sku,0.00309828
tga,0.00309828
tau,0.00309828
ybe,0.00309828
yeb,0.00309828
yze,0.00309828
yee,0.00309828
yse,0.00309828
zar,0.00309828
ypo,0.00309828
zed,0.00309828
xot,0.00309828
tcy,0.00309828
xyg,0.00309828
tbo,0.00309828
tfi,0.00309828
xth,0.00309828
tdo,0.00309828
yet,0.00309828
xtb,0.00309828
tev,0.00309828
ydr,0.00309828
zle,0.00309828
yge,0.00309828
soi,0.00309828
ubm,0.00309828
uga,0.00309828
usb,0.00309828
usc,0.00309828
usn,0.00309828
usy,0.00309828
ued,0.00309828
ucl,0.00309828
utd,0.00309828
utf,0.00309828
sth,0.00309828
utp,0.00309828
uci,0.00309828
ugl,0.00309828
ube,0.00309828
uum,0.00309828
uye,0.00309828
uzz,0.00309828
uba,0.00309828
vad,0.00309828
swo,0.00309828
uan,0.00309828
vea,0.00309828
uak,0.00309828
ssr,0.00309828
upi,0.00309828
ums,0.00309828
umi,0.00309828
uly,0.00309828
unh,0.00309828
ulp,0.00309828
ulo,0.00309828
uln,0.00309828
unp,0.00309828
unu,0.00309828
uou,0.00309828
upa,0.00309828
upd,0.00309828
veg,0.00309828
upl,0.00309828
ulk,0.00309828
uli,0.00309828
ulb,0.00309828
upo,0.00309828
uiv,0.00309828
upr,0.00309828
upy,0.00309828
urf,0.00309828
urk,0.00309828
swa,0.00309828
tov,0.00309828
wfu,0.00309828
tst,0.00309828
why,0.00309828
tse,0.00309828
tpu,0.00309828
wif,0.00309828
tpl,0.00309828
wip,0.00309828
wir,0.00309828
toy,0.00309828
wma,0.00309828
tox,0.00309828
wev,0.00309828
wol,0.00309828
wom,0.00309828
tos,0.00309828
wow,0.00309828
tam,0.00309828
wra,0.00309828
wsp,0.00309828
wsu,0.00309828
wth,0.00309828
wye,0.00309828
toi,0.00309828
spy,0.00309828
veh,0.00309828
vei,0.00309828
uag,0.00309828
uab,0.00309828
vew,0.00309828
via,0.00309828
twa,0.00309828
sro,0.00309828
tus,0.00309828
syn,0.00309828
vok,0.00309828
toe,0.00309828
tup,0.00309828
vou,0.00309828
vul,0.00309828
tuc,0.00309828
spu,0.00309828
tub,0.00309828
web,0.00309828
wed,0.00309828
tad,0.00309828
taf,0.00309828
wet,0.00309828
fab,0.00309828
fog,0.00309828
fiv,0.00309828
fib,0.00309828
ffa,0.00309828
fev,0.00309828
fed,0.00309828
fau,0.00309828
fad,0.00309828
fos,0.00309828
exy,0.00309828
exo,0.00309828
ewl,0.00309828
eut,0.00309828
eup,0.00309828
eum,0.00309828
etp,0.00309828
eto,0.00309828
gac,0.00309828
gfu,0.00309828
geo,0.00309828
gee,0.00309828
gea,0.00309828
gdo,0.00309828
gay,0.00309828
gap,0.00309828
gam,0.00309828
etl,0.00309828
fwa,0.00309828
fue,0.00309828
fuc,0.00309828
fty,0.00309828
ftw,0.00309828
ftl,0.00309828
fth,0.00309828
egy,0.00309828
emm,0.00309828
elu,0.00309828
elr,0.00309828
elb,0.00309828
ekl,0.00309828
eke,0.00309828
eje,0.00309828
eiz,0.00309828
emn,0.00309828
egm,0.00309828
egg,0.00309828
eft,0.00309828
efr,0.00309828
eev,0.00309828
ees,0.00309828
eef,0.00309828
eot,0.00309828
etb,0.00309828
esm,0.00309828
esk,0.00309828
erk,0.00309828
erh,0.00309828
epp,0.00309828
eov,0.00309828
eou,0.00309828
ghw,0.00309828
eop,0.00309828
eny,0.00309828
enn,0.00309828
enj,0.00309828
enh,0.00309828
emy,0.00309828
ems,0.00309828
hyd,0.00309828
idn,0.00309828
idl,0.00309828
ibr,0.00309828
ibb,0.00309828
iba,0.00309828
iam,0.00309828
hyt,0.00309828
hyp,0.00309828
idy,0.00309828
hwa,0.00309828
huh,0.00309828
htn,0.00309828
htm,0.00309828
hth,0.00309828
hru,0.00309828
hra,0.00309828
iki,0.00309828
inq,0.00309828
inp,0.00309828
ims,0.00309828
imo,0.00309828
ilv,0.00309828
ilu,0.00309828
ilr,0.00309828
ilm,0.00309828
hqu,0.00309828
iho,0.00309828
igg,0.00309828
ifu,0.00309828
ifo,0.00309828
ifl,0.00309828
ifa,0.00309828
iec,0.00309828
goi,0.00309828
gut,0.00309828
gun,0.00309828
gum,0.00309828
gti,0.00309828
gst,0.00309828
gsi,0.00309828
gor,0.00309828
gon,0.00309828
guy,0.00309828
god,0.00309828
gnt,0.00309828
gnm,0.00309828
giz,0.00309828
gim,0.00309828
gil,0.00309828
gib,0.00309828
hef,0.00309828
hov,0.00309828
hoi,0.00309828
hod,0.00309828
hmm,0.00309828
hma,0.00309828
hli,0.00309828
hik,0.00309828
hew,0.00309828
eec,0.00309828
hdo,0.00309828
hda,0.00309828
haz,0.00309828
hay,0.00309828
hao,0.00309828
hak,0.00309828
gym,0.00309828
azz,0.00309828
bia,0.00309828
bby,0.00309828
bbo,0.00309828
bbl,0.00309828
bbi,0.00309828
bbe,0.00309828
bay,0.00309828
bak,0.00309828
bib,0.00309828
azy,0.00309828
aza,0.00309828
ays,0.00309828
aym,0.00309828
ayb,0.00309828
axy,0.00309828
axp,0.00309828
bos,0.00309828
bun,0.00309828
bum,0.00309828
bug,0.00309828
bub,0.00309828
btl,0.00309828
bta,0.00309828
bsi,0.00309828
box,0.00309828
axi,0.00309828
boi,0.00309828
boh,0.00309828
bmi,0.00309828
bis,0.00309828
bik,0.00309828
big,0.00309828
bic,0.00309828
alb,0.00309828
apy,0.00309828
aos,0.00309828
aor,0.00309828
anw,0.00309828
anv,0.00309828
amn,0.00309828
alw,0.00309828
alr,0.00309828
aqi,0.00309828
akn,0.00309828
akf,0.00309828
agm,0.00309828
aes,0.00309828
adq,0.00309828
aby,0.00309828
abb,0.00309828
aur,0.00309828
awy,0.00309828
aws,0.00309828
awm,0.00309828
awl,0.00309828
awi,0.00309828
awf,0.00309828
awe,0.00309828
avy,0.00309828
cag,0.00309828
aum,0.00309828
aty,0.00309828
atl,0.00309828
atf,0.00309828
asm,0.00309828
asl,0.00309828
asc,0.00309828
dma,0.00309828
doz,0.00309828
dot,0.00309828
dos,0.00309828
dog,0.00309828
dni,0.00309828
dna,0.00309828
dmo,0.00309828
dme,0.00309828
dpa,0.00309828
did,0.00309828
dho,0.00309828
dgm,0.00309828
dfu,0.00309828
dfa,0.00309828
dex,0.00309828
dew,0.00309828
eaf,0.00309828
edr,0.00309828
edo,0.00309828
edd,0.00309828
edb,0.00309828
eby,0.00309828
ebt,0.00309828
ebe,0.00309828
eah,0.00309828
deq,0.00309828
dyi,0.00309828
dwa,0.00309828
dst,0.00309828
dso,0.00309828
dsh,0.00309828
dsc,0.00309828
dqu,0.00309828
ciz,0.00309828
cod,0.00309828
coc,0.00309828
cly,0.00309828
cku,0.00309828
ckn,0.00309828
cki,0.00309828
ckg,0.00309828
cka,0.00309828
cof,0.00309828
cig,0.00309828
chd,0.00309828
ceo,0.00309828
cef,0.00309828
cav,0.00309828
cak,0.00309828
cai,0.00309828
dad,0.00309828
deg,0.00309828
ddy,0.00309828
dds,0.00309828
dch,0.00309828
dba,0.00309828
daw,0.00309828
dau,0.00309828
dap,0.00309828
iny,0.00309828
dac,0.00309828
cuu,0.00309828
cui,0.00309828
cub,0.00309828
cow,0.00309828
coi,0.00309828
coh,0.00309828
owh,0.00309828
pef,0.00309828
ped,0.00309828
pda,0.00309828
pag,0.00309828
pad,0.00309828
oyf,0.00309828
oxy,0.00309828
owt,0.00309828
peo,0.00309828
ovo,0.00309828
oty,0.00309828
ots,0.00309828
otb,0.00309828
osy,0.00309828
osu,0.00309828
osa,0.00309828
poc,0.00309828
rak,0.00309828
puz,0.00309828
pty,0.00309828
pto,0.00309828
pth,0.00309828
ptc,0.00309828
pst,0.00309828
pov,0.00309828
oru,0.00309828
piz,0.00309828
pip,0.00309828
pig,0.00309828
pia,0.00309828
phr,0.00309828
pfu,0.00309828
pep,0.00309828
obb,0.00309828
ogu,0.00309828
ofo,0.00309828
ofa,0.00309828
oev,0.00309828
oem,0.00309828
ocl,0.00309828
obt,0.00309828
obe,0.00309828
ohi,0.00309828
oap,0.00309828
oan,0.00309828
o'c,0.00309828
nze,0.00309828
nyt,0.00309828
nyo,0.00309828
nyb,0.00309828
onk,0.00309828
oro,0.00309828
orh,0.00309828
orf,0.00309828
opr,0.00309828
opl,0.00309828
onz,0.00309828
onw,0.00309828
onp,0.00309828
rao,0.00309828
olt,0.00309828
olk,0.00309828
oit,0.00309828
ois,0.00309828
oid,0.00309828
ohy,0.00309828
oho,0.00309828
rur,0.00309828
ryw,0.00309828
ryt,0.00309828
rys,0.00309828
ryo,0.00309828
ryd,0.00309828
ryb,0.00309828
rwi,0.00309828
rvo,0.00309828
sai,0.00309828
rts,0.00309828
rto,0.00309828
rtg,0.00309828
rtf,0.00309828
rsy,0.00309828
rsp,0.00309828
rpe,0.00309828
seg,0.00309828
shy,0.00309828
sgi,0.00309828
sfy,0.00309828
sfa,0.00309828
sew,0.00309828
seu,0.00309828
sei,0.00309828
seh,0.00309828
rpa,0.00309828
sef,0.00309828
seb,0.00309828
sdo,0.00309828
sdi,0.00309828
sba,0.00309828
sas,0.00309828
sak,0.00309828
rej,0.00309828
rho,0.00309828
rhe,0.00309828
rha,0.00309828
rgy,0.00309828
rgr,0.00309828
rfl,0.00309828
rfa,0.00309828
rer,0.00309828
rhy,0.00309828
rdw,0.00309828
rda,0.00309828
rcr,0.00309828
rco,0.00309828
rbl,0.00309828
raz,0.00309828
raq,0.00309828
rml,0.00309828
roz,0.00309828
rox,0.00309828
roh,0.00309828
rnm,0.00309828
rmy,0.00309828
rmu,0.00309828
rmt,0.00309828
rms,0.00309828
nwi,0.00309828
rlo,0.00309828
rlf,0.00309828
rkp,0.00309828
rko,0.00309828
rkn,0.00309828
rka,0.00309828
riu,0.00309828
kru,0.00309828
lbu,0.00309828
lbo,0.00309828
lak,0.00309828
kya,0.00309828
kup,0.00309828
kul,0.00309828
ksh,0.00309828
ksg,0.00309828
lch,0.00309828
kpl,0.00309828
kou,0.00309828
kor,0.00309828
kni,0.00309828
kir,0.00309828
kip,0.00309828
kie,0.00309828
lfw,0.00309828
loi,0.00309828
lod,0.00309828
lmi,0.00309828
lme,0.00309828
llw,0.00309828
lln,0.00309828
lki,0.00309828
lih,0.00309828
kic,0.00309828
lfr,0.00309828
lfa,0.00309828
lel,0.00309828
lef,0.00309828
ldo,0.00309828
ldl,0.00309828
ldh,0.00309828
irr,0.00309828
jac,0.00309828
izz,0.00309828
izo,0.00309828
ius,0.00309828
itm,0.00309828
isu,0.00309828
iry,0.00309828
iru,0.00309828
jai,0.00309828
ipu,0.00309828
ipm,0.00309828
ipi,0.00309828
iot,0.00309828
ios,0.00309828
iog,0.00309828
iod,0.00309828
kab,0.00309828
kgr,0.00309828
kfa,0.00309828
kew,0.00309828
keu,0.00309828
kes,0.00309828
kee,0.00309828
ked,0.00309828
kag,0.00309828
lpf,0.00309828
jui,0.00309828
job,0.00309828
jet,0.00309828
jea,0.00309828
jaz,0.00309828
jaw,0.00309828
jar,0.00309828
ndy,0.00309828
niu,0.00309828
nip,0.00309828
nie,0.00309828
ngo,0.00309828
ngn,0.00309828
ngf,0.00309828
ngd,0.00309828
neo,0.00309828
njo,0.00309828
ndw,0.00309828
ndp,0.00309828
ndc,0.00309828
nav,0.00309828
nas,0.00309828
nap,0.00309828
nad,0.00309828
noi,0.00309828
nwh,0.00309828
nur,0.00309828
nuo,0.00309828
nuc,0.00309828
nro,0.00309828
nre,0.00309828
nqu,0.00309828
npu,0.00309828
nac,0.00309828
nod,0.00309828
nob,0.00309828
nna,0.00309828
nma,0.00309828
nle,0.00309828
nkr,0.00309828
nkn,0.00309828
lui,0.00309828
mbr,0.00309828
'cl,0.00309828
max,0.00309828
map,0.00309828
mad,0.00309828
mab,0.00309828
lyz,0.00309828
lur,0.00309828
meb,0.00309828
lub,0.00309828
lto,0.00309828
lso,0.00309828
lry,0.00309828
lro,0.00309828
lre,0.00309828
lpt,0.00309828
mog,0.00309828
n't,0.00309828
myt,0.00309828
mud,0.00309828
mth,0.00309828
mst,0.00309828
mrs,0.00309828
mps,0.00309828
mol,0.00309828
sif,0.00309828
mni,0.00309828
mly,0.00309828
miz,0.00309828
miu,0.00309828
mex,0.00309828
meo,0.00309828
meh,0.00309828
